{"minLat":9.5, "maxLat":19,"stepsize":0.01,
"values":[1,0.9999707779669884,0.9999415254731177,0.99991224251928,0.9998829291063662,0.9998535852352703,0.9998242109068857,0.999794806122107,0.99976537088183,0.9997359051869517,0.9997064090383692,0.999676882436981,0.999647325383687,0.9996177378793873,0.9995881199249832,0.999558471521377,0.9995287926694718,0.9994990833701716,0.9994693436243813,0.9994395734330069,0.9994097727969554,0.9993799417171346,0.9993500801944533,0.9993201882298206,0.9992902658241475,0.9992603129783455,0.9992303296933265,0.9992003159700047,0.9991702718092939,0.9991401972121092,0.9991100921793667,0.9990799567119839,0.9990497908108785,0.999019594476969,0.998989367711176,0.9989591105144199,0.9989288228876223,0.9988985048317058,0.9988681563475942,0.9988377774362117,0.9988073680984839,0.9987769283353372,0.9987464581476985,0.9987159575364959,0.9986854265026591,0.9986548650471176,0.9986242731708028,0.9985936508746462,0.9985629981595806,0.9985323150265402,0.998501601476459,0.9984708575102733,0.998440083128919,0.9984092783333338,0.998378443124456,0.9983475775032252,0.9983166814705814,0.9982857550274655,0.99825479817482,0.9982238109135876,0.9981927932447124,0.9981617451691391,0.9981306666878138,0.9980995578016828,0.9980684185116938,0.9980372488187956,0.9980060487239377,0.9979748182280701,0.9979435573321448,0.9979122660371132,0.9978809443439294,0.9978495922535469,0.9978182097669208,0.9977867968850073,0.9977553536087631,0.9977238799391461,0.9976923758771153,0.9976608414236299,0.9976292765796506,0.9975976813461391,0.9975660557240579,0.9975343997143704,0.9975027133180405,0.9974709965360335,0.9974392493693162,0.9974074718188547,0.9973756638856179,0.9973438255705741,0.9973119568746937,0.9972800577989468,0.9972481283443057,0.9972161685117427,0.9971841783022314,0.9971521577167461,0.9971201067562627,0.9970880254217576,0.9970559137142073,0.9970237716345905,0.9969915991838864,0.9969593963630745,0.9969271631731362,0.9968948996150533,0.9968626056898088,0.996830281398386,0.9967979267417699,0.9967655417209457,0.9967331263369001,0.996700680590621,0.9966682044830961,0.996635698015315,0.9966031611882677,0.9965705940029458,0.9965379964603405,0.9965053685614457,0.9964727103072548,0.9964400216987627,0.9964073027369652,0.996374553422859,0.9963417737574416,0.9963089637417115,0.9962761233766685,0.9962432526633126,0.9962103516026454,0.9961774201956685,0.9961444584433858,0.9961114663468011,0.9960784439069192,0.9960453911247467,0.9960123080012895,0.9959791945375558,0.9959460507345543,0.9959128765932947,0.9958796721147878,0.9958464373000443,0.9958131721500774,0.9957798766658997,0.9957465508485258,0.9957131946989711,0.9956798082182516,0.9956463914073839,0.9956129442673861,0.9955794667992774,0.9955459590040773,0.9955124208828064,0.9954788524364866,0.9954452536661405,0.9954116245727911,0.9953779651574634,0.9953442754211822,0.995310555364974,0.9952768049898664,0.9952430242968868,0.9952092132870645,0.9951753719614295,0.9951415003210121,0.995107598366845,0.9950736660999607,0.9950397035213925,0.9950057106321751,0.994971687433344,0.9949376339259356,0.9949035501109869,0.9948694359895368,0.9948352915626242,0.9948011168312891,0.9947669117965727,0.9947326764595167,0.9946984108211641,0.9946641148825588,0.9946297886447456,0.9945954321087697,0.994561045275678,0.9945266281465177,0.9944921807223376,0.9944577030041868,0.9944231949931157,0.9943886566901753,0.9943540880964179,0.9943194892128961,0.9942848600406644,0.9942502005807772,0.9942155108342907,0.9941807908022613,0.9941460404857467,0.9941112598858058,0.9940764490034973,0.9940416078398825,0.9940067363960223,0.9939718346729787,0.9939369026718151,0.9939019403935957,0.9938669478393857,0.9938319250102504,0.9937968719072573,0.9937617885314738,0.9937266748839685,0.9936915309658115,0.9936563567780731,0.9936211523218245,0.9935859175981386,0.9935506526080885,0.9935153573527482,0.9934800318331929,0.9934446760504992,0.9934092900057435,0.9933738737000041,0.9933384271343597,0.9933029503098899,0.9932674432276758,0.9932319058887985,0.9931963382943407,0.9931607404453862,0.9931251123430193,0.9930894539883248,0.9930537653823892,0.9930180465262998,0.9929822974211447,0.9929465180680126,0.9929107084679932,0.9928748686221781,0.9928389985316584,0.992803098197527,0.9927671676208774,0.9927312068028045,0.9926952157444029,0.9926591944467695,0.9926231429110017,0.9925870611381975,0.992550949129456,0.9925148068858775,0.9924786344085623,0.992442431698613,0.9924061987571319,0.9923699355852231,0.9923336421839912,0.9922973185545412,0.9922609646979803,0.9922245806154153,0.9921881663079553,0.9921517217767086,0.9921152470227864,0.9920787420472991,0.9920422068513588,0.9920056414360783,0.9919690458025715,0.9919324199519539,0.9918957638853402,0.9918590776038474,0.9918223611085931,0.9917856144006955,0.9917488374812743,0.9917120303514496,0.9916751930123427,0.9916383254650757,0.9916014277107715,0.9915644997505543,0.991527541585549,0.9914905532168811,0.9914535346456776,0.9914164858730661,0.9913794069001751,0.9913422977281343,0.991305158358074,0.9912679887911257,0.9912307890284208,0.9911935590710939,0.991156298920278,0.9911190085771082,0.9910816880427207,0.9910443373182528,0.9910069564048413,0.9909695453036255,0.9909321040157449,0.9908946325423402,0.9908571308845526,0.9908195990435243,0.9907820370203989,0.9907444448163207,0.9907068224324347,0.9906691698698866,0.9906314871298239,0.9905937742133941,0.9905560311217464,0.9905182578560299,0.9904804544173961,0.9904426208069957,0.9904047570259813,0.9903668630755073,0.9903289389567266,0.9902909846707958,0.9902530002188699,0.9902149856021065,0.9901769408216633,0.9901388658786997,0.9901007607743755,0.9900626255098511,0.9900244600862882,0.9899862645048493,0.9899480387666983,0.9899097828729996,0.9898714968249182,0.9898331806236207,0.9897948342702738,0.989756457766046,0.9897180511121064,0.9896796143096246,0.9896411473597717,0.9896026502637193,0.9895641230226403,0.9895255656377081,0.9894869781100972,0.9894483604409835,0.9894097126315428,0.9893710346829527,0.9893323265963913,0.9892935883730374,0.9892548200140718,0.9892160215206749,0.9891771928940283,0.9891383341353158,0.98909944524572,0.9890605262264264,0.9890215770786199,0.9889825978034875,0.988943588402216,0.988904548875994,0.9888654792260108,0.9888263794534565,0.9887872495595224,0.9887480895453994,0.9887088994122817,0.9886696791613624,0.9886304287938363,0.9885911483108992,0.9885518377137475,0.9885124970035787,0.988473126181591,0.9884337252489844,0.9883942942069583,0.9883548330567145,0.9883153417994547,0.9882758204363817,0.9882362689686999,0.9881966873976136,0.9881570757243286,0.988117433950052,0.9880777620759909,0.9880380601033539,0.9879983280333505,0.987958565867191,0.9879187736060865,0.9878789512512492,0.9878390988038921,0.9877992162652293,0.9877593036364757,0.9877193609188469,0.9876793881135599,0.9876393852218323,0.9875993522448823,0.98755928918393,0.9875191960401952,0.9874790728148996,0.9874389195092653,0.9873987361245152,0.9873585226618738,0.9873182791225658,0.9872780055078172,0.9872377018188545,0.9871973680569059,0.9871570042232,0.987116610318966,0.9870761863454346,0.987035732303837,0.9869952481954057,0.986954734021374,0.9869141897829757,0.9868736154814461,0.9868330111180211,0.9867923766939376,0.9867517122104333,0.9867110176687472,0.9866702930701188,0.9866295384157885,0.9865887537069978,0.9865479389449889,0.9865070941310056,0.9864662192662917,0.9864253143520926,0.9863843793896538,0.9863434143802228,0.9863024193250474,0.9862613942253762,0.986220339082459,0.9861792538975463,0.9861381386718898,0.9860969934067417,0.986055818103356,0.9860146127629862,0.9859733773868875,0.9859321119763167,0.9858908165325303,0.9858494910567862,0.9858081355503436,0.9857667500144619,0.985725334450402,0.9856838888594253,0.9856424132427944,0.9856009076017729,0.9855593719376251,0.9855178062516161,0.9854762105450119,0.9854345848190801,0.9853929290750884,0.9853512433143052,0.9853095275380012,0.9852677817474468,0.9852260059439134,0.985184200128674,0.9851423643030015,0.9851004984681708,0.9850586026254572,